# arrival_rate,reject_ratio,utilization,missed_deadline_rate
2.000000000000000000e+01,3.568333333333333357e-01,6.960585261647819211e-01,0.000000000000000000e+00
1.500000000000000000e+01,3.697333333333333583e-01,6.917024846491938161e-01,0.000000000000000000e+00
1.000000000000000000e+01,3.708333333333333481e-01,7.084301843195204285e-01,0.000000000000000000e+00
5.000000000000000000e+00,3.836999999999999855e-01,7.043388025883157155e-01,0.000000000000000000e+00
1.000000000000000000e+00,4.428000000000000269e-01,6.966970345319790647e-01,0.000000000000000000e+00
5.000000000000000000e-01,4.810333333333333128e-01,6.715719276697668105e-01,0.000000000000000000e+00
1.000000000000000056e-01,5.665666666666666629e-01,5.730382935059492588e-01,0.000000000000000000e+00
5.000000000000000278e-02,6.163333333333332886e-01,4.733103091684380814e-01,0.000000000000000000e+00
